Workbook

Sheet 개요
B2: Monster_data
C3: column명 | D3: 한글 명칭 | E3: 데이터 형식 | F3: 형식 설명 | G3: 설명
C4: monsterId | D4: 몬스터ID | E4: string | F4: "enpc_F01_A_Lava_001" | G4: 몬스터 ID 저장
C5: monsterName | D5: 변이체 이름 | E5: string | F5: "라바" | G5: 몬스터의 이름 저장
C6: monsterGrade | D6: 변이체 등급 | E6: string | F6: "A" | G6: 몬스터의 등급 저장, "Alpha", "Bravo", "Charlie", "Delta", "Echo" 다섯개 중 하나의 값이 들어갈 수 있다.
C7: monsterFaction | D7: 변이체 팩션 | E7: string | F7: "Enpc" | G7: 몬스터의 팩션 저장 "Fnpc", "Enpc" 2가지 값중 하나가 들어갈 수 있다.
C8: monsterPower | D8: 위력 | E8: int | F8: 1 | G8: 몬스터의 위력(공격력)수치 저장
C9: monsterHp | D9: 체력 | E9: int | F9: 1 | G9: 몬스터의 체력수치 저장
C10: monsterDef | D10: 방어력 | E10: int | F10: 1 | G10: 몬스터의 방어력수치 저장
C11: monsterAtkcycle | D11: 공격주기 | E11: float | F11: 1.1 | G11: 몬스터의 공격 주기 수치 저장
C12: monsterRange | D12: 공격사거리 | E12: float | F12: 1.1 | G12: 몬스터의 공격 사거리 범위 수치 저장
C13: monsterSpeed | D13: 이동속도 | E13: float | F13: 1.1 | G13: 몬스터의 이동 속도 수치 저장
C14: monsterRangeType | D14: 사거리속성 | E14: string | F14: "ml" | G14: 몬스터의 사거리 속성 저장(설정집에서 표시용), "근접", "원거리" 2가지 값중 1개가 들어간다.
C15: monsterLandType | D15: 지형속성 | E15: string | F15: "L" | G15: 몬스터의 지형 속성 저장 "L", "F" 2가지 값중 하나가 들어갈 수 있다.
C16: monsterDefType | D16: 방어속성 | E16: string | F16: "S" | G16: 몬스터의 방어 속성 저장, "S", "M", "B" 3가지 값중 하나가 들어갈 수 있다.
C17: monsterHitboxSize | D17: 히트박스 크기 | E17: string | F17: "Small" | G17: 몬스터의 히트박스 크기 저장
C18: monsterModelId | D18: 모델링 ID | E18: string | F18: "Monster_model_00001.fbx" | G18: 몬스터가 사용할 모델링의 ID 저장
C19: monsterUseArea | D19: 변이체 등장지역 | E19: string | F19: "F01" | G19: 몬스터가 나오는 지역 코드값 저장
C20: monsterLv | D20: 변이체 레벨 | E20: int | F20: 1 | G20: 몬스터의 레벨 값을 저장
C21: shootSpeed | D21: 발사체 속도 | E21: float | F21: 1.1 | G21: 원거리 몬스터일경우 발사하는 발사체의 속도값 저장
C22: monsterUseSkill | D22: 사용 스킬 | E22: string | F22: skill_Enpc_B_001 | G22: 몬스터가 사용하는 스킬의 ID값 저장
C23: monsterAi | D23: 변이체 AI | E23: string | F23: enpc_Ai_Golem_001 | G23: 몬스터의 AI ID값 저장
B25: BattleArea
C26: column명 | D26: 한글 명칭 | E26: 데이터 형식 | F26: 형식 설명 | G26: 설명
C27: battleAreaId | D27: 전투구역 ID | E27: string | F27: "Battle_area_merbin_00001" | G27: 전투구역 ID 저장
C28: battleLevelId | D28: 사용할 레벨디자인 데이터 ID | E28: string | F28: "Level_data_merbin_00001" | G28: 레벨디자인 데이터 ID 저장
C29: battleAreaType | D29: 전투구역 형식 | E29: json | F29: {"type" : "always", "id" : ""} | G29: type에는 다음 3가지 값중 1개가 들어간다. - "always"는 이전에 클리어 했더라도 인 게임에 진입시 활성화 되는 전투구역이다. - "playing"은 ID에 해당하는 퀘스트가 진행중 상태면 활성화 되는 전투구역이다. - "after"는 ID에 해당하는 퀘스트가 완료 상태면 활성화되는 전투구역이다. ID에는 원하는 퀘스트의 ID를 입력한다. type이 always일 경우 값을 가지지 않는다.
C30: battleAreaReword | D30: 전투구역 보상 | E30: json | F30: {"experience":00, "mile":00} | G30: {경험치:제공수치, 마일(돈):제공수치}
C31: levelAverage | D31: 전투구역 평균레벨 | E31: float | F31: 1.1 | G31: 전투구역에 등장하는 몬스터의 평균 레벨수치이다.
B33: LeveldesignData
C34: column명 | D34: 한글 명칭 | E34: 데이터 형식 | F34: 형식 설명(예시) | G34: 설명
C35: levelId | D35: 레벨디자인 데이터 ID | E35: string | F35: "Level_data_merbin_00001" | G35: 레벨디자인 데이터 ID 저장
C36: levelInnerId | D36: 내부 ID(번호) | E36: int | F36: 0 | G36: 소환 순서 표기
C37: levelSpawnSpawnpoint | D37: 생성위치 | E37: string | F37: "world" | G37: "world", "spawner" 2가지 값중 1개가 들어간다.
C38: levelSpawnPos | D38: 생성좌표 | E38: Vector3 | F38: {"X":0.0, "Y":0.0, "Z":0.0f} | G38: 생성할 위치의 좌표값을 적는다.
C39: levelSpawnMonsterId | D39: 몬스터ID | E39: string | F39: "Monster_alpha_00001" | G39: 몬스터 ID 저장
C40: levelSpawnCooltime | D40: 스폰 대기시간 | E40: float | F40: 0 | G40: 몬스터 소환 후 다음 몬스터 소환까지의 대기시간 최소값은 0.1f

Sheet Factor
B1: ● 해당 페이지에서 모든 또는 특정 종류의 몬스터의 능력치를 조절할 수 있다. ● 전투구역 클리어시 제공하는 보상의 배율도 조절할 수 있다. ● 기본능력치가 몬스터 능력치의 기준이 되며 보정치는 특정 조건을 만족한 몬스터의 스탯을 배율로 증가시킨다. ● 레벨 보정치는 표기된 레벨 이하일 때를 기준으로 1 레벨당 표시 값*레벨만큼 배율을 적용한다. ● 공격주기 값이 짧을수록 빠르게 공격한다.
B2: 등급별 기본 능력치 | J2: 몬스터 성향 요소 보정치 | Q2: 등장지역 보정치 | X2: 레벨 보정치 | AE2: 이전 레벨 배율 | AM2: 몬스터별 보정치 | AS2: ID 생성 팩터 | AT2: 변이체 구성요소 표준
B3: 등급 구별 | C3: HP | D3: DEF | E3: Attack | F3: Atkcycle | G3: Speed | J3: 목적 구분 | K3: HP | L3: DEF | M3: Attack | N3: Atkcycle | O3: Speed | Q3: 스테이지 구분 | R3: HP | S3: DEF | T3: Attack | U3: Atkcycle | V3: Speed | X3: 레벨구분(해당 값 이하) | Y3: HP | Z3: DEF | AA3: Attack | AB3: Atkcycle | AC3: Speed | AE3: 레벨구분(해당 값 이하) | AF3: HP | AG3: DEF | AH3: Attack | AI3: Atkcycle | AJ3: Speed | AM3: 등급 구별 | AN3: HP | AO3: DEF | AP3: Attack | AQ3: Atkcycle | AR3: Speed | AS3: ID 중간 명칭 | AT3: 변이체 방어형식 | AU3: 변이체 히트박스 사이즈 | AV3: 변이체 팩션 | AW3: 변이체 등급 | AX3: 변이체 사거리타입 | AY3: 변이체 지형타입
B4: A | C4: 100 | D4: 5 | E4: 3 | F4: 1 | G4: 5 | J4: Hack_and_slash | K4: 0.8 | L4: 0.8 | M4: 0.8 | N4: 1 | O4: 1 | Q4: F01 | R4: 1 | S4: 1 | T4: 1 | U4: 1 | V4: 1 | X4: 10 | Y4: 0.1 | Z4: 0.1 | AA4: 0.1 | AB4: 0.1 | AC4: 0.1 | AE4: 10 | AF4: 0 | AG4: 0 | AH4: 0 | AI4: 0 | AJ4: 0 | AM4: 라바 | AN4: 100 | AO4: 5 | AP4: 3 | AQ4: 1 | AR4: 5 | AS4: _A_Lava_ | AT4: S | AU4: Small | AV4: enpc | AW4: A | AX4: ml | AY4: L
B5: B | C5: 500 | D5: 25 | E5: 25 | F5: 2 | G5: 4 | J5: disturbance | K5: 2 | L5: 2 | M5: 0.1 | N5: 2 | O5: 0.1 | Q5: F02 | R5: 1.2 | S5: 1.2 | T5: 1.2 | U5: 1.2 | V5: 1.2 | X5: 20 | Y5: 0.2 | Z5: 0.2 | AA5: 0.2 | AB5: 0.2 | AC5: 0.2 | AE5: 20 | AF5: =Y4*10+AF4 -> 1 | AG5: =Z4*10+AG4 -> 1 | AH5: =AA4*10+AH4 -> 1 | AI5: =AB4*10+AI4 -> 1 | AJ5: =AC4*10+AJ4 -> 1 | AM5: 코쿤 | AN5: 500 | AO5: 25 | AP5: 25 | AQ5: 2 | AR5: 4 | AS5: _A_Cocoon_ | AT5: M | AU5: Midium | AV5: enpc | AW5: A | AX5: ml | AY5: L
B6: C | C6: 1000 | D6: 50 | E6: 50 | F6: 3 | G6: 3 | J6: Dangerous | K6: 1 | L6: 1 | M6: 2 | N6: 0.9 | O6: 2 | Q6: F03 | R6: 1.4 | S6: 1.4 | T6: 1.4 | U6: 1.4 | V6: 1.4 | X6: 30 | Y6: 0.3 | Z6: 0.3 | AA6: 0.3 | AB6: 0.3 | AC6: 0.3 | AE6: 30 | AF6: =Y5*10+AF5 -> 3 | AG6: =Z5*10+AG5 -> 3 | AH6: =AA5*10+AH5 -> 3 | AI6: =AB5*10+AI5 -> 3 | AJ6: =AC5*10+AJ5 -> 3 | AM6: 앤틸리온 | AN6: 1000 | AO6: 50 | AP6: 50 | AQ6: 3 | AR6: 3 | AS6: _A_Antlion_ | AT6: M | AU6: Midium | AV6: enpc | AW6: A | AX6: ra | AY6: L
B7: D | C7: 5000 | D7: 250 | E7: 250 | F7: 4 | G7: 2 | J7: None | K7: 1 | L7: 1 | M7: 1 | N7: 1 | O7: 1 | Q7: F04 | R7: 1.6 | S7: 1.6 | T7: 1.6 | U7: 1.6 | V7: 1.6 | X7: 40 | Y7: 0.4 | Z7: 0.4 | AA7: 0.4 | AB7: 0.4 | AC7: 0.4 | AE7: 40 | AF7: =Y6*10+AF6 -> 6 | AG7: =Z6*10+AG6 -> 6 | AH7: =AA6*10+AH6 -> 6 | AI7: =AB6*10+AI6 -> 6 | AJ7: =AC6*10+AJ6 -> 6 | AM7: 님프 | AN7: 5000 | AO7: 250 | AP7: 250 | AQ7: 4 | AR7: 2 | AS7: _A_Nymphe_ | AT7: S | AU7: Small | AV7: enpc | AW7: A | AX7: ml | AY7: F
B8: E | C8: 10000 | D8: 1000 | E8: 1000 | F8: 5 | G8: 1 | Q8: F05 | R8: 1.8 | S8: 1.8 | T8: 1.8 | U8: 1.8 | V8: 1.8 | X8: 50 | Y8: 0.5 | Z8: 0.5 | AA8: 0.5 | AB8: 0.5 | AC8: 0.5 | AE8: 50 | AF8: =Y7*10+AF7 -> 10 | AG8: =Z7*10+AG7 -> 10 | AH8: =AA7*10+AH7 -> 10 | AI8: =AB7*10+AI7 -> 10 | AJ8: =AC7*10+AJ7 -> 10 | AM8: 골렘 | AN8: 10000 | AO8: 1000 | AP8: 1000 | AQ8: 5 | AR8: 1 | AS8: _B_Golem_ | AT8: B | AU8: Big | AV8: enpc | AW8: B | AX8: ml | AY8: L
Q9: F06 | R9: 2 | S9: 2 | T9: 2 | U9: 2 | V9: 2 | X9: 60 | Y9: 0.6 | Z9: 0.6 | AA9: 0.6 | AB9: 0.6 | AC9: 0.6 | AE9: 60 | AF9: =Y8*10+AF8 -> 15 | AG9: =Z8*10+AG8 -> 15 | AH9: =AA8*10+AH8 -> 15 | AI9: =AB8*10+AI8 -> 15 | AJ9: =AC8*10+AJ8 -> 15 | AM9: 밴시 | AN9: 10000 | AO9: 1000 | AP9: 1000 | AQ9: 5 | AR9: 1 | AS9: _B_Banshee_ | AT9: M | AU9: Midium | AV9: enpc | AW9: B | AX9: ra | AY9: L
B10: 사거리별 보정치 | Q10: F07 | R10: 2.2 | S10: 2.2 | T10: 2.2 | U10: 2.2 | V10: 2.2 | X10: 70 | Y10: 0.7 | Z10: 0.7 | AA10: 0.7 | AB10: 0.7 | AC10: 0.7 | AE10: 70 | AF10: =Y9*10+AF9 -> 21 | AG10: =Z9*10+AG9 -> 21 | AH10: =AA9*10+AH9 -> 21 | AI10: =AB9*10+AI9 -> 21 | AJ10: =AC9*10+AJ9 -> 21 | AM10: 타이탄 | AN10: 10000 | AO10: 1000 | AP10: 1000 | AQ10: 5 | AR10: 1 | AS10: _C_Titan_ | AT10: B | AU10: Big | AV10: enpc | AW10: C | AX10: ml | AY10: L
B11: 사거리 구별 | C11: HP | D11: DEF | E11: Attack | F11: Atkcycle | G11: Speed | H11: Range | Q11: F08 | R11: 2.4 | S11: 2.4 | T11: 2.4 | U11: 2.4 | V11: 2.4 | X11: 80 | Y11: 0.8 | Z11: 0.8 | AA11: 0.8 | AB11: 0.8 | AC11: 0.8 | AE11: 80 | AF11: =Y10*10+AF10 -> 28 | AG11: =Z10*10+AG10 -> 28 | AH11: =AA10*10+AH10 -> 28 | AI11: =AB10*10+AI10 -> 28 | AJ11: =AC10*10+AJ10 -> 28 | AM11: 타이탄의 코어 | AN11: 10000 | AO11: 1000 | AP11: 1000 | AQ11: 5 | AR11: 1 | AS11: _C_Titancore_ | AT11: B | AU11: Big | AV11: einc | AW11: C | AX11: ml | AY11: L
B12: ml | C12: 1 | D12: 1 | E12: 1 | F12: 1 | G12: 1 | H12: 1 | Q12: F09 | R12: 2.6 | S12: 2.6 | T12: 2.6 | U12: 2.6 | V12: 2.6 | X12: 90 | Y12: 0.9 | Z12: 0.9 | AA12: 0.9 | AB12: 0.9 | AC12: 0.9 | AE12: 90 | AF12: =Y11*10+AF11 -> 36 | AG12: =Z11*10+AG11 -> 36 | AH12: =AA11*10+AH11 -> 36 | AI12: =AB11*10+AI11 -> 36 | AJ12: =AC11*10+AJ11 -> 36 | AM12: 바위 | AN12: 10000 | AO12: 1000 | AP12: 1000 | AQ12: 5 | AR12: 1 | AS12: _A_Rock_ | AT12: M | AU12: Midium | AV12: ecre | AW12: A | AX12: ml | AY12: L
B13: ra | C13: 0.8 | D13: 0.8 | E13: 1.2 | F13: 1.5 | G13: 1 | H13: 4 | Q13: F10 | R13: 2.8 | S13: 2.8 | T13: 2.8 | U13: 2.8 | V13: 2.8 | X13: 100 | Y13: 1 | Z13: 1 | AA13: 1 | AB13: 1 | AC13: 1 | AE13: 100 | AF13: =Y12*10+AF12 -> 45 | AG13: =Z12*10+AG12 -> 45 | AH13: =AA12*10+AH12 -> 45 | AI13: =AB12*10+AI12 -> 45 | AJ13: =AC12*10+AJ12 -> 45
Q14: F11 | R14: 3 | S14: 3 | T14: 3 | U14: 3 | V14: 3
B15: 지형요소 보정 | Q15: F12 | R15: 3.2 | S15: 3.2 | T15: 3.2 | U15: 3.2 | V15: 3.2
B16: 지형 구분 | C16: HP | D16: DEF | E16: Attack | F16: Atkcycle | G16: Speed
B17: L | C17: 1.5 | D17: 1.5 | E17: 1.5 | F17: 1 | G17: 1
B18: F | C18: 1 | D18: 1 | E18: 1 | F18: 1 | G18: 3
B20: 보상 배율
B21: 골드 | C21: 경험치
B22: 250 | C22: 250

Sheet MonsterData
A1: ● 해당 페이지는 실제 사용할 데이터에 대한 내용이 적힌 테이블이다. ● 3열은 데이터의 자료형이며 자료형이 한글로 되어있는 경우 인게임에서 사용하지 않는 데이터지만 테이블에서 수치조정 또는 색인을 위해 넣은 데이터이다. ● 보정치의 수치를 조정해 각 몬스터 별로 상세 능력치를 조정할 수 있다. ● 보정값의 경우 수치 조정의도가 없는 경우 1을 유지한다. ● 플레이어에게만 적대적일경우 Enpc로 표시하며 반대로 몬스터에게 적대적일경우 Fnpc로 설정한다. ● 변이체 방어형식은 S, M, B가 있으며 각각 소형, 중형, 대형이다. ● ID는 변이체구분_등장지역_변이체등급_변이체영문명_숫자 형태로 구성된다. ●enpc는 적, einc는 부위가 존재하는 적 부위, ecre는 적이 생성하는 방해형 오브젝트를 뜻한다.
A2: 변이체 ID | B2: 변이체 이름(특수 명칭 추가용) | C2: 변이체 이름(구별용) | D2: 변이체 이름(실제 사용) | E2: 변이체 방어형식 | F2: 등장지역 | G2: 레벨 | H2: 몬스터 성향 | I2: 변이체 등급 | J2: 변이체 사거리타입 | K2: 변이체 지형타입 | L2: 체력보정치 | M2: 방어력보정치 | N2: 공격력보정치 | O2: 공격주기 보정치 | P2: 이동속도 보정치 | Q2: 사거리 보정치 | R2: 변이체 히트박스 사이즈 | S2: 변이체 모델ID | T2: 변이체 팩션 | U2: 변이체 체력 | V2: 변이체 방어력 | W2: 변이체 공격력 | X2: 변이체 공격주기 | Y2: 변이체 이동속도 | Z2: 변이체 사거리 | AA2: 발사체속도 보정치 | AB2: 발사체 속도 | AC2: 변이체 사용 스킬 | AD2: 변이체 AI
A3: string | B3: 색인용 표시(없으면 빈칸) | C3: 색인용 표시 | D3: string | E3: string | F3: string | G3: int | H3: 색인용 표시 | I3: string | J3: string | K3: string | L3: 보정치 | M3: 보정치 | N3: 보정치 | O3: 보정치 | P3: 보정치 | Q3: 보정치 | R3: string | S3: string | T3: string | U3: int | V3: int | W3: int | X3: float | Y3: float | Z3: float | AA3: 보정치 | AB3: float | AC3: string | AD3: string
A4: monsterId | B4: monsterName | C4: monsterName | D4: monsterName | E4: monsterDefType | F4: monsterUseArea | G4: monsterLv | H4: monsterTendency | I4: monsterGrade | J4: monsterRangeType | K4: monsterLandType | L4: monsterHp | M4: monsterDef | N4: monsterPower | O4: monsterAtkcycle | P4: monsterSpeed | Q4: monsterRange | R4: monsterHitboxSize | S4: monsterModelId | T4: monsterFaction | U4: monsterHp | V4: monsterDef | W4: monsterPower | X4: monsterAtkcycle | Y4: monsterSpeed | Z4: monsterRange | AA4: shootSpeed | AB4: shootSpeed | AC4: monsterUseSkill | AD4: monsterAi
A5: =T5&"_"&F5&VLOOKUP($C5, Factor!$AM$4:$AY$14, 7, 0)&IF(COUNTIFS($C$4:C4, C5, $F$4:F4, F5)+1>=100, COUNTIFS($C$4:C4, C5, $F$4:F4, F5)+1,IF(COUNTIFS($C$4:C4, C5, $F$4:F4, F5)+1>=10, "0"&COUNTIFS($C$4:C4, C5, $F$4:F4, F5)+1, "00"&COUNTIFS($C$4:C4, C5, $F$4:F4, F5)+1)) -> enpc_F01_A_Lava_001 | C5: 라바 | D5: =B5&C5 -> 라바 | E5: =VLOOKUP($C5, Factor!$AM$4:$AY$12, 8, 0) -> S | F5: F01 | G5: 1 | H5: Hack_and_slash | I5: =VLOOKUP($C5, Factor!$AM$4:$AY$12, 11, 0) -> A | J5: =VLOOKUP($C5, Factor!$AM$4:$AY$12, 12, 0) -> ml | K5: =VLOOKUP($C5, Factor!$AM$4:$AY$12, 13, 0) -> L | L5: 1 | M5: 1 | N5: 1 | O5: 1 | P5: 1 | Q5: 1 | R5: =VLOOKUP($C5, Factor!$AM$4:$AY$12, 9, 0) -> Small | S5: Monster_model_00001.fbx | T5: =VLOOKUP($C5, Factor!$AM$4:$AY$12, 10, 0) -> enpc | U5: {=L5*VLOOKUP($I5, Factor!$B$4:$G$8, 2, 0)*VLOOKUP($J5, Factor!$B$12:$G$13, 2, 0)*VLOOKUP($K5, Factor!$B$17:$G$18, 2, 0)*VLOOKUP($H5, Factor!$J$4:$O$7, 2, 0)*VLOOKUP($F5, Factor!$Q$4:$V$15, 2, 0)*IF(MOD($G5,10)=0, 10, MOD($G5, 10))*((INDEX(Factor!$X$4:$AC$13, _xlfn.XMATCH($G5, Factor!$X$4:$X$13, 1),2)*IF(MOD(G5, 10) = 0, 10, MOD(G5, 10)))+INDEX(Factor!$AE$4:$AJ$13, _xlfn.XMATCH(MonsterData!$G5, Factor!$AE$4:$AE$13, 1),2))} -> 12 | V5: {=M5*VLOOKUP($I5, Factor!$B$4:$G$8, 3, 0)*VLOOKUP($J5, Factor!$B$12:$G$13, 3, 0)*VLOOKUP($K5, Factor!$B$17:$G$18, 3, 0)*VLOOKUP($H5, Factor!$J$4:$O$7, 3, 0)*VLOOKUP($F5, Factor!$Q$4:$V$15, 3, 0)*IF(MOD($G5,10)=0, 10, MOD($G5, 10))*((INDEX(Factor!$X$4:$AC$13, _xlfn.XMATCH($G5, Factor!$X$4:$X$13, 1),3)*IF(MOD(G5, 10) = 0, 10, MOD(G5, 10)))+INDEX(Factor!$AE$4:$AJ$13, _xlfn.XMATCH(MonsterData!$G5, Factor!$AE$4:$AE$13, 1),3))} -> 0.6 | W5: {=N5*VLOOKUP($I5, Factor!$B$4:$G$8, 4, 0)*VLOOKUP($J5, Factor!$B$12:$G$13, 4, 0)*VLOOKUP($K5, Factor!$B$17:$G$18, 4, 0)*VLOOKUP($H5, Factor!$J$4:$O$7, 4, 0)*VLOOKUP($F5, Factor!$Q$4:$V$15, 4, 0)*IF(MOD($G5,10)=0, 10, MOD($G5, 10))*((INDEX(Factor!$X$4:$AC$13, _xlfn.XMATCH($G5, Factor!$X$4:$X$13, 1),4)*IF(MOD(G5, 10) = 0, 10, MOD(G5, 10)))+INDEX(Factor!$AE$4:$AJ$13, _xlfn.XMATCH(MonsterData!$G5, Factor!$AE$4:$AE$13, 1),4))} -> 0.36 | X5: {=O5*VLOOKUP($I5, Factor!$B$4:$G$8, 5, 0)*VLOOKUP($J5, Factor!$B$12:$G$13, 5, 0)*VLOOKUP($K5, Factor!$B$17:$G$18, 5, 0)*VLOOKUP($H5, Factor!$J$4:$O$7, 5, 0)*VLOOKUP($F5, Factor!$Q$4:$V$15, 5, 0)*IF(MOD($G5,10)=0, 10, MOD($G5, 10))*((INDEX(Factor!$X$4:$AC$13, _xlfn.XMATCH($G5, Factor!$X$4:$X$13, 1),5)*IF(MOD(G5, 10) = 0, 10, MOD(G5, 10)))+INDEX(Factor!$AE$4:$AJ$13, _xlfn.XMATCH(MonsterData!$G5, Factor!$AE$4:$AE$13, 1),5))} -> 0.1 | Y5: {=P5*VLOOKUP($I5, Factor!$B$4:$G$8, 6, 0)*VLOOKUP($J5, Factor!$B$12:$G$13, 6, 0)*VLOOKUP($K5, Factor!$B$17:$G$18, 6, 0)*VLOOKUP($H5, Factor!$J$4:$O$7, 2, 0)*VLOOKUP($F5, Factor!$Q$4:$V$15, 6, 0)*IF(MOD($G5,10)=0, 10, MOD($G5, 10))*((INDEX(Factor!$X$4:$AC$13, _xlfn.XMATCH($G5, Factor!$X$4:$X$13, 1),6)*IF(MOD(G5, 10) = 0, 10, MOD(G5, 10)))+INDEX(Factor!$AE$4:$AJ$13, _xlfn.XMATCH(MonsterData!$G5, Factor!$AE$4:$AE$13, 1),6))} -> 0.4 | Z5: =$Q5*VLOOKUP($J5, Factor!$B$12:$H$13, 7, 0) -> 1 | AA5: 1 | AB5: =IF(J5 = "ml", 0, $Z5*$AA5) -> 0 | AC5: null | AD5: enpc_Ai_Basic_001
A6: =T6&"_"&F6&VLOOKUP($C6, Factor!$AM$4:$AY$14, 7, 0)&IF(COUNTIFS($C$3:C5, C6, $F$3:F5, F6)+1>=100, COUNTIFS($C$3:C5, C6, $F$3:F5, F6)+1,IF(COUNTIFS($C$3:C5, C6, $F$3:F5, F6)+1>=10, "0"&COUNTIFS($C$3:C5, C6, $F$3:F5, F6)+1, "00"&COUNTIFS($C$3:C5, C6, $F$3:F5, F6)+1)) -> enpc_F01_A_Cocoon_001 | C6: 코쿤 | D6: =B6&C6 -> 코쿤 | E6: =VLOOKUP($C6, Factor!$AM$4:$AY$12, 8, 0) -> M | F6: F01 | G6: 2 | H6: Hack_and_slash | I6: =VLOOKUP($C6, Factor!$AM$4:$AY$12, 11, 0) -> A | J6: =VLOOKUP($C6, Factor!$AM$4:$AY$12, 12, 0) -> ml | K6: =VLOOKUP($C6, Factor!$AM$4:$AY$12, 13, 0) -> L | L6: 1 | M6: 1 | N6: 1 | O6: 1 | P6: 1 | Q6: 1 | R6: =VLOOKUP($C6, Factor!$AM$4:$AY$12, 9, 0) -> Midium | S6: Monster_model_00002.fbx | T6: =VLOOKUP($C6, Factor!$AM$4:$AY$12, 10, 0) -> enpc | U6: {=L6*VLOOKUP($I6, Factor!$B$4:$G$8, 2, 0)*VLOOKUP($J6, Factor!$B$12:$G$13, 2, 0)*VLOOKUP($K6, Factor!$B$17:$G$18, 2, 0)*VLOOKUP($H6, Factor!$J$4:$O$7, 2, 0)*VLOOKUP($F6, Factor!$Q$4:$V$15, 2, 0)*IF(MOD($G6,10)=0, 10, MOD($G6, 10))*((INDEX(Factor!$X$4:$AC$13, _xlfn.XMATCH($G6, Factor!$X$4:$X$13, 1),2)*IF(MOD(G6, 10) = 0, 10, MOD(G6, 10)))+INDEX(Factor!$AE$4:$AJ$13, _xlfn.XMATCH(MonsterData!$G6, Factor!$AE$4:$AE$13, 1),2))} -> 48 | V6: {=M6*VLOOKUP($I6, Factor!$B$4:$G$8, 3, 0)*VLOOKUP($J6, Factor!$B$12:$G$13, 3, 0)*VLOOKUP($K6, Factor!$B$17:$G$18, 3, 0)*VLOOKUP($H6, Factor!$J$4:$O$7, 3, 0)*VLOOKUP($F6, Factor!$Q$4:$V$15, 3, 0)*IF(MOD($G6,10)=0, 10, MOD($G6, 10))*((INDEX(Factor!$X$4:$AC$13, _xlfn.XMATCH($G6, Factor!$X$4:$X$13, 1),3)*IF(MOD(G6, 10) = 0, 10, MOD(G6, 10)))+INDEX(Factor!$AE$4:$AJ$13, _xlfn.XMATCH(MonsterData!$G6, Factor!$AE$4:$AE$13, 1),3))} -> 2.4 | W6: {=N6*VLOOKUP($I6, Factor!$B$4:$G$8, 4, 0)*VLOOKUP($J6, Factor!$B$12:$G$13, 4, 0)*VLOOKUP($K6, Factor!$B$17:$G$18, 4, 0)*VLOOKUP($H6, Factor!$J$4:$O$7, 4, 0)*VLOOKUP($F6, Factor!$Q$4:$V$15, 4, 0)*IF(MOD($G6,10)=0, 10, MOD($G6, 10))*((INDEX(Factor!$X$4:$AC$13, _xlfn.XMATCH($G6, Factor!$X$4:$X$13, 1),4)*IF(MOD(G6, 10) = 0, 10, MOD(G6, 10)))+INDEX(Factor!$AE$4:$AJ$13, _xlfn.XMATCH(MonsterData!$G6, Factor!$AE$4:$AE$13, 1),4))} -> 1.44 | X6: {=O6*VLOOKUP($I6, Factor!$B$4:$G$8, 5, 0)*VLOOKUP($J6, Factor!$B$12:$G$13, 5, 0)*VLOOKUP($K6, Factor!$B$17:$G$18, 5, 0)*VLOOKUP($H6, Factor!$J$4:$O$7, 5, 0)*VLOOKUP($F6, Factor!$Q$4:$V$15, 5, 0)*IF(MOD($G6,10)=0, 10, MOD($G6, 10))*((INDEX(Factor!$X$4:$AC$13, _xlfn.XMATCH($G6, Factor!$X$4:$X$13, 1),5)*IF(MOD(G6, 10) = 0, 10, MOD(G6, 10)))+INDEX(Factor!$AE$4:$AJ$13, _xlfn.XMATCH(MonsterData!$G6, Factor!$AE$4:$AE$13, 1),5))} -> 0.4 | Y6: {=P6*VLOOKUP($I6, Factor!$B$4:$G$8, 6, 0)*VLOOKUP($J6, Factor!$B$12:$G$13, 6, 0)*VLOOKUP($K6, Factor!$B$17:$G$18, 6, 0)*VLOOKUP($H6, Factor!$J$4:$O$7, 2, 0)*VLOOKUP($F6, Factor!$Q$4:$V$15, 6, 0)*IF(MOD($G6,10)=0, 10, MOD($G6, 10))*((INDEX(Factor!$X$4:$AC$13, _xlfn.XMATCH($G6, Factor!$X$4:$X$13, 1),6)*IF(MOD(G6, 10) = 0, 10, MOD(G6, 10)))+INDEX(Factor!$AE$4:$AJ$13, _xlfn.XMATCH(MonsterData!$G6, Factor!$AE$4:$AE$13, 1),6))} -> 1.6 | Z6: =$Q6*VLOOKUP($J6, Factor!$B$12:$H$13, 7, 0) -> 1 | AA6: 2 | AB6: =IF(J6 = "ml", 0, $Z6*$AA6) -> 0 | AC6: null | AD6: enpc_Ai_Basic_001
A7: =T7&"_"&F7&VLOOKUP($C7, Factor!$AM$4:$AY$14, 7, 0)&IF(COUNTIFS($C$3:C6, C7, $F$3:F6, F7)+1>=100, COUNTIFS($C$3:C6, C7, $F$3:F6, F7)+1,IF(COUNTIFS($C$3:C6, C7, $F$3:F6, F7)+1>=10, "0"&COUNTIFS($C$3:C6, C7, $F$3:F6, F7)+1, "00"&COUNTIFS($C$3:C6, C7, $F$3:F6, F7)+1)) -> enpc_F01_A_Antlion_001 | C7: 앤틸리온 | D7: =B7&C7 -> 앤틸리온 | E7: =VLOOKUP($C7, Factor!$AM$4:$AY$12, 8, 0) -> M | F7: F01 | G7: 3 | H7: Hack_and_slash | I7: =VLOOKUP($C7, Factor!$AM$4:$AY$12, 11, 0) -> A | J7: =VLOOKUP($C7, Factor!$AM$4:$AY$12, 12, 0) -> ra | K7: =VLOOKUP($C7, Factor!$AM$4:$AY$12, 13, 0) -> L | L7: 1 | M7: 1 | N7: 1 | O7: 1 | P7: 1 | Q7: 1 | R7: =VLOOKUP($C7, Factor!$AM$4:$AY$12, 9, 0) -> Midium | S7: Monster_model_00003.fbx | T7: =VLOOKUP($C7, Factor!$AM$4:$AY$12, 10, 0) -> enpc | U7: {=L7*VLOOKUP($I7, Factor!$B$4:$G$8, 2, 0)*VLOOKUP($J7, Factor!$B$12:$G$13, 2, 0)*VLOOKUP($K7, Factor!$B$17:$G$18, 2, 0)*VLOOKUP($H7, Factor!$J$4:$O$7, 2, 0)*VLOOKUP($F7, Factor!$Q$4:$V$15, 2, 0)*IF(MOD($G7,10)=0, 10, MOD($G7, 10))*((INDEX(Factor!$X$4:$AC$13, _xlfn.XMATCH($G7, Factor!$X$4:$X$13, 1),2)*IF(MOD(G7, 10) = 0, 10, MOD(G7, 10)))+INDEX(Factor!$AE$4:$AJ$13, _xlfn.XMATCH(MonsterData!$G7, Factor!$AE$4:$AE$13, 1),2))} -> 86.4 | V7: {=M7*VLOOKUP($I7, Factor!$B$4:$G$8, 3, 0)*VLOOKUP($J7, Factor!$B$12:$G$13, 3, 0)*VLOOKUP($K7, Factor!$B$17:$G$18, 3, 0)*VLOOKUP($H7, Factor!$J$4:$O$7, 3, 0)*VLOOKUP($F7, Factor!$Q$4:$V$15, 3, 0)*IF(MOD($G7,10)=0, 10, MOD($G7, 10))*((INDEX(Factor!$X$4:$AC$13, _xlfn.XMATCH($G7, Factor!$X$4:$X$13, 1),3)*IF(MOD(G7, 10) = 0, 10, MOD(G7, 10)))+INDEX(Factor!$AE$4:$AJ$13, _xlfn.XMATCH(MonsterData!$G7, Factor!$AE$4:$AE$13, 1),3))} -> 4.32 | W7: {=N7*VLOOKUP($I7, Factor!$B$4:$G$8, 4, 0)*VLOOKUP($J7, Factor!$B$12:$G$13, 4, 0)*VLOOKUP($K7, Factor!$B$17:$G$18, 4, 0)*VLOOKUP($H7, Factor!$J$4:$O$7, 4, 0)*VLOOKUP($F7, Factor!$Q$4:$V$15, 4, 0)*IF(MOD($G7,10)=0, 10, MOD($G7, 10))*((INDEX(Factor!$X$4:$AC$13, _xlfn.XMATCH($G7, Factor!$X$4:$X$13, 1),4)*IF(MOD(G7, 10) = 0, 10, MOD(G7, 10)))+INDEX(Factor!$AE$4:$AJ$13, _xlfn.XMATCH(MonsterData!$G7, Factor!$AE$4:$AE$13, 1),4))} -> 3.888 | X7: {=O7*VLOOKUP($I7, Factor!$B$4:$G$8, 5, 0)*VLOOKUP($J7, Factor!$B$12:$G$13, 5, 0)*VLOOKUP($K7, Factor!$B$17:$G$18, 5, 0)*VLOOKUP($H7, Factor!$J$4:$O$7, 5, 0)*VLOOKUP($F7, Factor!$Q$4:$V$15, 5, 0)*IF(MOD($G7,10)=0, 10, MOD($G7, 10))*((INDEX(Factor!$X$4:$AC$13, _xlfn.XMATCH($G7, Factor!$X$4:$X$13, 1),5)*IF(MOD(G7, 10) = 0, 10, MOD(G7, 10)))+INDEX(Factor!$AE$4:$AJ$13, _xlfn.XMATCH(MonsterData!$G7, Factor!$AE$4:$AE$13, 1),5))} -> 1.35 | Y7: {=P7*VLOOKUP($I7, Factor!$B$4:$G$8, 6, 0)*VLOOKUP($J7, Factor!$B$12:$G$13, 6, 0)*VLOOKUP($K7, Factor!$B$17:$G$18, 6, 0)*VLOOKUP($H7, Factor!$J$4:$O$7, 2, 0)*VLOOKUP($F7, Factor!$Q$4:$V$15, 6, 0)*IF(MOD($G7,10)=0, 10, MOD($G7, 10))*((INDEX(Factor!$X$4:$AC$13, _xlfn.XMATCH($G7, Factor!$X$4:$X$13, 1),6)*IF(MOD(G7, 10) = 0, 10, MOD(G7, 10)))+INDEX(Factor!$AE$4:$AJ$13, _xlfn.XMATCH(MonsterData!$G7, Factor!$AE$4:$AE$13, 1),6))} -> 3.6 | Z7: =$Q7*VLOOKUP($J7, Factor!$B$12:$H$13, 7, 0) -> 4 | AA7: 3 | AB7: =IF(J7 = "ml", 0, $Z7*$AA7) -> 12 | AC7: null | AD7: enpc_Ai_Basic_001
A8: =T8&"_"&F8&VLOOKUP($C8, Factor!$AM$4:$AY$14, 7, 0)&IF(COUNTIFS($C$3:C7, C8, $F$3:F7, F8)+1>=100, COUNTIFS($C$3:C7, C8, $F$3:F7, F8)+1,IF(COUNTIFS($C$3:C7, C8, $F$3:F7, F8)+1>=10, "0"&COUNTIFS($C$3:C7, C8, $F$3:F7, F8)+1, "00"&COUNTIFS($C$3:C7, C8, $F$3:F7, F8)+1)) -> enpc_F01_A_Nymphe_001 | C8: 님프 | D8: =B8&C8 -> 님프 | E8: =VLOOKUP($C8, Factor!$AM$4:$AY$12, 8, 0) -> S | F8: F01 | G8: 4 | H8: Hack_and_slash | I8: =VLOOKUP($C8, Factor!$AM$4:$AY$12, 11, 0) -> A | J8: =VLOOKUP($C8, Factor!$AM$4:$AY$12, 12, 0) -> ml | K8: =VLOOKUP($C8, Factor!$AM$4:$AY$12, 13, 0) -> F | L8: 1 | M8: 1 | N8: 1 | O8: 1 | P8: 1 | Q8: 1 | R8: =VLOOKUP($C8, Factor!$AM$4:$AY$12, 9, 0) -> Small | S8: Monster_model_00004.fbx | T8: =VLOOKUP($C8, Factor!$AM$4:$AY$12, 10, 0) -> enpc | U8: {=L8*VLOOKUP($I8, Factor!$B$4:$G$8, 2, 0)*VLOOKUP($J8, Factor!$B$12:$G$13, 2, 0)*VLOOKUP($K8, Factor!$B$17:$G$18, 2, 0)*VLOOKUP($H8, Factor!$J$4:$O$7, 2, 0)*VLOOKUP($F8, Factor!$Q$4:$V$15, 2, 0)*IF(MOD($G8,10)=0, 10, MOD($G8, 10))*((INDEX(Factor!$X$4:$AC$13, _xlfn.XMATCH($G8, Factor!$X$4:$X$13, 1),2)*IF(MOD(G8, 10) = 0, 10, MOD(G8, 10)))+INDEX(Factor!$AE$4:$AJ$13, _xlfn.XMATCH(MonsterData!$G8, Factor!$AE$4:$AE$13, 1),2))} -> 128 | V8: {=M8*VLOOKUP($I8, Factor!$B$4:$G$8, 3, 0)*VLOOKUP($J8, Factor!$B$12:$G$13, 3, 0)*VLOOKUP($K8, Factor!$B$17:$G$18, 3, 0)*VLOOKUP($H8, Factor!$J$4:$O$7, 3, 0)*VLOOKUP($F8, Factor!$Q$4:$V$15, 3, 0)*IF(MOD($G8,10)=0, 10, MOD($G8, 10))*((INDEX(Factor!$X$4:$AC$13, _xlfn.XMATCH($G8, Factor!$X$4:$X$13, 1),3)*IF(MOD(G8, 10) = 0, 10, MOD(G8, 10)))+INDEX(Factor!$AE$4:$AJ$13, _xlfn.XMATCH(MonsterData!$G8, Factor!$AE$4:$AE$13, 1),3))} -> 6.4 | W8: {=N8*VLOOKUP($I8, Factor!$B$4:$G$8, 4, 0)*VLOOKUP($J8, Factor!$B$12:$G$13, 4, 0)*VLOOKUP($K8, Factor!$B$17:$G$18, 4, 0)*VLOOKUP($H8, Factor!$J$4:$O$7, 4, 0)*VLOOKUP($F8, Factor!$Q$4:$V$15, 4, 0)*IF(MOD($G8,10)=0, 10, MOD($G8, 10))*((INDEX(Factor!$X$4:$AC$13, _xlfn.XMATCH($G8, Factor!$X$4:$X$13, 1),4)*IF(MOD(G8, 10) = 0, 10, MOD(G8, 10)))+INDEX(Factor!$AE$4:$AJ$13, _xlfn.XMATCH(MonsterData!$G8, Factor!$AE$4:$AE$13, 1),4))} -> 3.84 | X8: {=O8*VLOOKUP($I8, Factor!$B$4:$G$8, 5, 0)*VLOOKUP($J8, Factor!$B$12:$G$13, 5, 0)*VLOOKUP($K8, Factor!$B$17:$G$18, 5, 0)*VLOOKUP($H8, Factor!$J$4:$O$7, 5, 0)*VLOOKUP($F8, Factor!$Q$4:$V$15, 5, 0)*IF(MOD($G8,10)=0, 10, MOD($G8, 10))*((INDEX(Factor!$X$4:$AC$13, _xlfn.XMATCH($G8, Factor!$X$4:$X$13, 1),5)*IF(MOD(G8, 10) = 0, 10, MOD(G8, 10)))+INDEX(Factor!$AE$4:$AJ$13, _xlfn.XMATCH(MonsterData!$G8, Factor!$AE$4:$AE$13, 1),5))} -> 1.6 | Y8: {=P8*VLOOKUP($I8, Factor!$B$4:$G$8, 6, 0)*VLOOKUP($J8, Factor!$B$12:$G$13, 6, 0)*VLOOKUP($K8, Factor!$B$17:$G$18, 6, 0)*VLOOKUP($H8, Factor!$J$4:$O$7, 2, 0)*VLOOKUP($F8, Factor!$Q$4:$V$15, 6, 0)*IF(MOD($G8,10)=0, 10, MOD($G8, 10))*((INDEX(Factor!$X$4:$AC$13, _xlfn.XMATCH($G8, Factor!$X$4:$X$13, 1),6)*IF(MOD(G8, 10) = 0, 10, MOD(G8, 10)))+INDEX(Factor!$AE$4:$AJ$13, _xlfn.XMATCH(MonsterData!$G8, Factor!$AE$4:$AE$13, 1),6))} -> 19.2 | Z8: =$Q8*VLOOKUP($J8, Factor!$B$12:$H$13, 7, 0) -> 1 | AA8: 4 | AB8: =IF(J8 = "ml", 0, $Z8*$AA8) -> 0 | AC8: null | AD8: enpc_Ai_Basic_001
A9: =T9&"_"&F9&VLOOKUP($C9, Factor!$AM$4:$AY$14, 7, 0)&IF(COUNTIFS($C$3:C8, C9, $F$3:F8, F9)+1>=100, COUNTIFS($C$3:C8, C9, $F$3:F8, F9)+1,IF(COUNTIFS($C$3:C8, C9, $F$3:F8, F9)+1>=10, "0"&COUNTIFS($C$3:C8, C9, $F$3:F8, F9)+1, "00"&COUNTIFS($C$3:C8, C9, $F$3:F8, F9)+1)) -> enpc_F01_B_Golem_001 | C9: 골렘 | D9: =B9&C9 -> 골렘 | E9: =VLOOKUP($C9, Factor!$AM$4:$AY$12, 8, 0) -> B | F9: F01 | G9: 5 | H9: Hack_and_slash | I9: =VLOOKUP($C9, Factor!$AM$4:$AY$12, 11, 0) -> B | J9: =VLOOKUP($C9, Factor!$AM$4:$AY$12, 12, 0) -> ml | K9: =VLOOKUP($C9, Factor!$AM$4:$AY$12, 13, 0) -> L | L9: 1 | M9: 1 | N9: 1 | O9: 1 | P9: 1 | Q9: 1 | R9: =VLOOKUP($C9, Factor!$AM$4:$AY$12, 9, 0) -> Big | S9: Monster_model_00005.fbx | T9: =VLOOKUP($C9, Factor!$AM$4:$AY$12, 10, 0) -> enpc | U9: {=L9*VLOOKUP($I9, Factor!$B$4:$G$8, 2, 0)*VLOOKUP($J9, Factor!$B$12:$G$13, 2, 0)*VLOOKUP($K9, Factor!$B$17:$G$18, 2, 0)*VLOOKUP($H9, Factor!$J$4:$O$7, 2, 0)*VLOOKUP($F9, Factor!$Q$4:$V$15, 2, 0)*IF(MOD($G9,10)=0, 10, MOD($G9, 10))*((INDEX(Factor!$X$4:$AC$13, _xlfn.XMATCH($G9, Factor!$X$4:$X$13, 1),2)*IF(MOD(G9, 10) = 0, 10, MOD(G9, 10)))+INDEX(Factor!$AE$4:$AJ$13, _xlfn.XMATCH(MonsterData!$G9, Factor!$AE$4:$AE$13, 1),2))} -> 1500 | V9: {=M9*VLOOKUP($I9, Factor!$B$4:$G$8, 3, 0)*VLOOKUP($J9, Factor!$B$12:$G$13, 3, 0)*VLOOKUP($K9, Factor!$B$17:$G$18, 3, 0)*VLOOKUP($H9, Factor!$J$4:$O$7, 3, 0)*VLOOKUP($F9, Factor!$Q$4:$V$15, 3, 0)*IF(MOD($G9,10)=0, 10, MOD($G9, 10))*((INDEX(Factor!$X$4:$AC$13, _xlfn.XMATCH($G9, Factor!$X$4:$X$13, 1),3)*IF(MOD(G9, 10) = 0, 10, MOD(G9, 10)))+INDEX(Factor!$AE$4:$AJ$13, _xlfn.XMATCH(MonsterData!$G9, Factor!$AE$4:$AE$13, 1),3))} -> 75 | W9: {=N9*VLOOKUP($I9, Factor!$B$4:$G$8, 4, 0)*VLOOKUP($J9, Factor!$B$12:$G$13, 4, 0)*VLOOKUP($K9, Factor!$B$17:$G$18, 4, 0)*VLOOKUP($H9, Factor!$J$4:$O$7, 4, 0)*VLOOKUP($F9, Factor!$Q$4:$V$15, 4, 0)*IF(MOD($G9,10)=0, 10, MOD($G9, 10))*((INDEX(Factor!$X$4:$AC$13, _xlfn.XMATCH($G9, Factor!$X$4:$X$13, 1),4)*IF(MOD(G9, 10) = 0, 10, MOD(G9, 10)))+INDEX(Factor!$AE$4:$AJ$13, _xlfn.XMATCH(MonsterData!$G9, Factor!$AE$4:$AE$13, 1),4))} -> 75 | X9: {=O9*VLOOKUP($I9, Factor!$B$4:$G$8, 5, 0)*VLOOKUP($J9, Factor!$B$12:$G$13, 5, 0)*VLOOKUP($K9, Factor!$B$17:$G$18, 5, 0)*VLOOKUP($H9, Factor!$J$4:$O$7, 5, 0)*VLOOKUP($F9, Factor!$Q$4:$V$15, 5, 0)*IF(MOD($G9,10)=0, 10, MOD($G9, 10))*((INDEX(Factor!$X$4:$AC$13, _xlfn.XMATCH($G9, Factor!$X$4:$X$13, 1),5)*IF(MOD(G9, 10) = 0, 10, MOD(G9, 10)))+INDEX(Factor!$AE$4:$AJ$13, _xlfn.XMATCH(MonsterData!$G9, Factor!$AE$4:$AE$13, 1),5))} -> 5 | Y9: {=P9*VLOOKUP($I9, Factor!$B$4:$G$8, 6, 0)*VLOOKUP($J9, Factor!$B$12:$G$13, 6, 0)*VLOOKUP($K9, Factor!$B$17:$G$18, 6, 0)*VLOOKUP($H9, Factor!$J$4:$O$7, 2, 0)*VLOOKUP($F9, Factor!$Q$4:$V$15, 6, 0)*IF(MOD($G9,10)=0, 10, MOD($G9, 10))*((INDEX(Factor!$X$4:$AC$13, _xlfn.XMATCH($G9, Factor!$X$4:$X$13, 1),6)*IF(MOD(G9, 10) = 0, 10, MOD(G9, 10)))+INDEX(Factor!$AE$4:$AJ$13, _xlfn.XMATCH(MonsterData!$G9, Factor!$AE$4:$AE$13, 1),6))} -> 8 | Z9: =$Q9*VLOOKUP($J9, Factor!$B$12:$H$13, 7, 0) -> 1 | AA9: 5 | AB9: =IF(J9 = "ml", 0, $Z9*$AA9) -> 0 | AC9: skill_Enpc_B_001 | AD9: enpc_Ai_Golem_001
A10: =T10&"_"&F10&VLOOKUP($C10, Factor!$AM$4:$AY$14, 7, 0)&IF(COUNTIFS($C$3:C9, C10, $F$3:F9, F10)+1>=100, COUNTIFS($C$3:C9, C10, $F$3:F9, F10)+1,IF(COUNTIFS($C$3:C9, C10, $F$3:F9, F10)+1>=10, "0"&COUNTIFS($C$3:C9, C10, $F$3:F9, F10)+1, "00"&COUNTIFS($C$3:C9, C10, $F$3:F9, F10)+1)) -> enpc_F01_B_Banshee_001 | C10: 밴시 | D10: =B10&C10 -> 밴시 | E10: =VLOOKUP($C10, Factor!$AM$4:$AY$12, 8, 0) -> M | F10: F01 | G10: 6 | H10: Hack_and_slash | I10: =VLOOKUP($C10, Factor!$AM$4:$AY$12, 11, 0) -> B | J10: =VLOOKUP($C10, Factor!$AM$4:$AY$12, 12, 0) -> ra | K10: =VLOOKUP($C10, Factor!$AM$4:$AY$12, 13, 0) -> L | L10: 1 | M10: 1 | N10: 1 | O10: 1 | P10: 1 | Q10: 1 | R10: =VLOOKUP($C10, Factor!$AM$4:$AY$12, 9, 0) -> Midium | S10: Monster_model_00006.fbx | T10: =VLOOKUP($C10, Factor!$AM$4:$AY$12, 10, 0) -> enpc | U10: {=L10*VLOOKUP($I10, Factor!$B$4:$G$8, 2, 0)*VLOOKUP($J10, Factor!$B$12:$G$13, 2, 0)*VLOOKUP($K10, Factor!$B$17:$G$18, 2, 0)*VLOOKUP($H10, Factor!$J$4:$O$7, 2, 0)*VLOOKUP($F10, Factor!$Q$4:$V$15, 2, 0)*IF(MOD($G10,10)=0, 10, MOD($G10, 10))*((INDEX(Factor!$X$4:$AC$13, _xlfn.XMATCH($G10, Factor!$X$4:$X$13, 1),2)*IF(MOD(G10, 10) = 0, 10, MOD(G10, 10)))+INDEX(Factor!$AE$4:$AJ$13, _xlfn.XMATCH(MonsterData!$G10, Factor!$AE$4:$AE$13, 1),2))} -> 1728 | V10: {=M10*VLOOKUP($I10, Factor!$B$4:$G$8, 3, 0)*VLOOKUP($J10, Factor!$B$12:$G$13, 3, 0)*VLOOKUP($K10, Factor!$B$17:$G$18, 3, 0)*VLOOKUP($H10, Factor!$J$4:$O$7, 3, 0)*VLOOKUP($F10, Factor!$Q$4:$V$15, 3, 0)*IF(MOD($G10,10)=0, 10, MOD($G10, 10))*((INDEX(Factor!$X$4:$AC$13, _xlfn.XMATCH($G10, Factor!$X$4:$X$13, 1),3)*IF(MOD(G10, 10) = 0, 10, MOD(G10, 10)))+INDEX(Factor!$AE$4:$AJ$13, _xlfn.XMATCH(MonsterData!$G10, Factor!$AE$4:$AE$13, 1),3))} -> 86.4 | W10: {=N10*VLOOKUP($I10, Factor!$B$4:$G$8, 4, 0)*VLOOKUP($J10, Factor!$B$12:$G$13, 4, 0)*VLOOKUP($K10, Factor!$B$17:$G$18, 4, 0)*VLOOKUP($H10, Factor!$J$4:$O$7, 4, 0)*VLOOKUP($F10, Factor!$Q$4:$V$15, 4, 0)*IF(MOD($G10,10)=0, 10, MOD($G10, 10))*((INDEX(Factor!$X$4:$AC$13, _xlfn.XMATCH($G10, Factor!$X$4:$X$13, 1),4)*IF(MOD(G10, 10) = 0, 10, MOD(G10, 10)))+INDEX(Factor!$AE$4:$AJ$13, _xlfn.XMATCH(MonsterData!$G10, Factor!$AE$4:$AE$13, 1),4))} -> 129.6 | X10: {=O10*VLOOKUP($I10, Factor!$B$4:$G$8, 5, 0)*VLOOKUP($J10, Factor!$B$12:$G$13, 5, 0)*VLOOKUP($K10, Factor!$B$17:$G$18, 5, 0)*VLOOKUP($H10, Factor!$J$4:$O$7, 5, 0)*VLOOKUP($F10, Factor!$Q$4:$V$15, 5, 0)*IF(MOD($G10,10)=0, 10, MOD($G10, 10))*((INDEX(Factor!$X$4:$AC$13, _xlfn.XMATCH($G10, Factor!$X$4:$X$13, 1),5)*IF(MOD(G10, 10) = 0, 10, MOD(G10, 10)))+INDEX(Factor!$AE$4:$AJ$13, _xlfn.XMATCH(MonsterData!$G10, Factor!$AE$4:$AE$13, 1),5))} -> 10.8 | Y10: {=P10*VLOOKUP($I10, Factor!$B$4:$G$8, 6, 0)*VLOOKUP($J10, Factor!$B$12:$G$13, 6, 0)*VLOOKUP($K10, Factor!$B$17:$G$18, 6, 0)*VLOOKUP($H10, Factor!$J$4:$O$7, 2, 0)*VLOOKUP($F10, Factor!$Q$4:$V$15, 6, 0)*IF(MOD($G10,10)=0, 10, MOD($G10, 10))*((INDEX(Factor!$X$4:$AC$13, _xlfn.XMATCH($G10, Factor!$X$4:$X$13, 1),6)*IF(MOD(G10, 10) = 0, 10, MOD(G10, 10)))+INDEX(Factor!$AE$4:$AJ$13, _xlfn.XMATCH(MonsterData!$G10, Factor!$AE$4:$AE$13, 1),6))} -> 11.52 | Z10: =$Q10*VLOOKUP($J10, Factor!$B$12:$H$13, 7, 0) -> 4 | AA10: 6 | AB10: =IF(J10 = "ml", 0, $Z10*$AA10) -> 24 | AC10: skill_Enpc_B_002, skill_Enpc_B_003 | AD10: enpc_Ai_Banshee_001
A11: =T11&"_"&F11&VLOOKUP($C11, Factor!$AM$4:$AY$14, 7, 0)&IF(COUNTIFS($C$3:C10, C11, $F$3:F10, F11)+1>=100, COUNTIFS($C$3:C10, C11, $F$3:F10, F11)+1,IF(COUNTIFS($C$3:C10, C11, $F$3:F10, F11)+1>=10, "0"&COUNTIFS($C$3:C10, C11, $F$3:F10, F11)+1, "00"&COUNTIFS($C$3:C10, C11, $F$3:F10, F11)+1)) -> enpc_F01_C_Titan_001 | C11: 타이탄 | D11: =B11&C11 -> 타이탄 | E11: =VLOOKUP($C11, Factor!$AM$4:$AY$12, 8, 0) -> B | F11: F01 | G11: 7 | H11: Hack_and_slash | I11: =VLOOKUP($C11, Factor!$AM$4:$AY$12, 11, 0) -> C | J11: =VLOOKUP($C11, Factor!$AM$4:$AY$12, 12, 0) -> ml | K11: =VLOOKUP($C11, Factor!$AM$4:$AY$12, 13, 0) -> L | L11: 1 | M11: 1 | N11: 1 | O11: 1 | P11: 1 | Q11: 1 | R11: =VLOOKUP($C11, Factor!$AM$4:$AY$12, 9, 0) -> Big | S11: Monster_model_00007.fbx | T11: =VLOOKUP($C11, Factor!$AM$4:$AY$12, 10, 0) -> enpc | U11: {=L11*VLOOKUP($I11, Factor!$B$4:$G$8, 2, 0)*VLOOKUP($J11, Factor!$B$12:$G$13, 2, 0)*VLOOKUP($K11, Factor!$B$17:$G$18, 2, 0)*VLOOKUP($H11, Factor!$J$4:$O$7, 2, 0)*VLOOKUP($F11, Factor!$Q$4:$V$15, 2, 0)*IF(MOD($G11,10)=0, 10, MOD($G11, 10))*((INDEX(Factor!$X$4:$AC$13, _xlfn.XMATCH($G11, Factor!$X$4:$X$13, 1),2)*IF(MOD(G11, 10) = 0, 10, MOD(G11, 10)))+INDEX(Factor!$AE$4:$AJ$13, _xlfn.XMATCH(MonsterData!$G11, Factor!$AE$4:$AE$13, 1),2))} -> 5880 | V11: {=M11*VLOOKUP($I11, Factor!$B$4:$G$8, 3, 0)*VLOOKUP($J11, Factor!$B$12:$G$13, 3, 0)*VLOOKUP($K11, Factor!$B$17:$G$18, 3, 0)*VLOOKUP($H11, Factor!$J$4:$O$7, 3, 0)*VLOOKUP($F11, Factor!$Q$4:$V$15, 3, 0)*IF(MOD($G11,10)=0, 10, MOD($G11, 10))*((INDEX(Factor!$X$4:$AC$13, _xlfn.XMATCH($G11, Factor!$X$4:$X$13, 1),3)*IF(MOD(G11, 10) = 0, 10, MOD(G11, 10)))+INDEX(Factor!$AE$4:$AJ$13, _xlfn.XMATCH(MonsterData!$G11, Factor!$AE$4:$AE$13, 1),3))} -> 294 | W11: {=N11*VLOOKUP($I11, Factor!$B$4:$G$8, 4, 0)*VLOOKUP($J11, Factor!$B$12:$G$13, 4, 0)*VLOOKUP($K11, Factor!$B$17:$G$18, 4, 0)*VLOOKUP($H11, Factor!$J$4:$O$7, 4, 0)*VLOOKUP($F11, Factor!$Q$4:$V$15, 4, 0)*IF(MOD($G11,10)=0, 10, MOD($G11, 10))*((INDEX(Factor!$X$4:$AC$13, _xlfn.XMATCH($G11, Factor!$X$4:$X$13, 1),4)*IF(MOD(G11, 10) = 0, 10, MOD(G11, 10)))+INDEX(Factor!$AE$4:$AJ$13, _xlfn.XMATCH(MonsterData!$G11, Factor!$AE$4:$AE$13, 1),4))} -> 294 | X11: {=O11*VLOOKUP($I11, Factor!$B$4:$G$8, 5, 0)*VLOOKUP($J11, Factor!$B$12:$G$13, 5, 0)*VLOOKUP($K11, Factor!$B$17:$G$18, 5, 0)*VLOOKUP($H11, Factor!$J$4:$O$7, 5, 0)*VLOOKUP($F11, Factor!$Q$4:$V$15, 5, 0)*IF(MOD($G11,10)=0, 10, MOD($G11, 10))*((INDEX(Factor!$X$4:$AC$13, _xlfn.XMATCH($G11, Factor!$X$4:$X$13, 1),5)*IF(MOD(G11, 10) = 0, 10, MOD(G11, 10)))+INDEX(Factor!$AE$4:$AJ$13, _xlfn.XMATCH(MonsterData!$G11, Factor!$AE$4:$AE$13, 1),5))} -> 14.7 | Y11: {=P11*VLOOKUP($I11, Factor!$B$4:$G$8, 6, 0)*VLOOKUP($J11, Factor!$B$12:$G$13, 6, 0)*VLOOKUP($K11, Factor!$B$17:$G$18, 6, 0)*VLOOKUP($H11, Factor!$J$4:$O$7, 2, 0)*VLOOKUP($F11, Factor!$Q$4:$V$15, 6, 0)*IF(MOD($G11,10)=0, 10, MOD($G11, 10))*((INDEX(Factor!$X$4:$AC$13, _xlfn.XMATCH($G11, Factor!$X$4:$X$13, 1),6)*IF(MOD(G11, 10) = 0, 10, MOD(G11, 10)))+INDEX(Factor!$AE$4:$AJ$13, _xlfn.XMATCH(MonsterData!$G11, Factor!$AE$4:$AE$13, 1),6))} -> 11.76 | Z11: =$Q11*VLOOKUP($J11, Factor!$B$12:$H$13, 7, 0) -> 1 | AA11: 7 | AB11: =IF(J11 = "ml", 0, $Z11*$AA11) -> 0 | AC11: skill_Enpc_C_001, skill_Enpc_C_002, skill_Enpc_C_003 | AD11: enpc_Ai_Titan_001
A12: =T12&"_"&F12&VLOOKUP($C12, Factor!$AM$4:$AY$14, 7, 0)&IF(COUNTIFS($C$3:C11, C12, $F$3:F11, F12)+1>=100, COUNTIFS($C$3:C11, C12, $F$3:F11, F12)+1,IF(COUNTIFS($C$3:C11, C12, $F$3:F11, F12)+1>=10, "0"&COUNTIFS($C$3:C11, C12, $F$3:F11, F12)+1, "00"&COUNTIFS($C$3:C11, C12, $F$3:F11, F12)+1)) -> einc_F01_C_Titancore_001 | C12: 타이탄의 코어 | D12: =B12&C12 -> 타이탄의 코어 | E12: =VLOOKUP($C12, Factor!$AM$4:$AY$12, 8, 0) -> B | F12: F01 | G12: 8 | H12: Hack_and_slash | I12: =VLOOKUP($C12, Factor!$AM$4:$AY$12, 11, 0) -> C | J12: =VLOOKUP($C12, Factor!$AM$4:$AY$12, 12, 0) -> ml | K12: =VLOOKUP($C12, Factor!$AM$4:$AY$12, 13, 0) -> L | L12: 1 | M12: 1 | N12: 1 | O12: 1 | P12: 1 | Q12: 1 | R12: =VLOOKUP($C12, Factor!$AM$4:$AY$12, 9, 0) -> Big | S12: Monster_model_00008.fbx | T12: =VLOOKUP($C12, Factor!$AM$4:$AY$12, 10, 0) -> einc | U12: {=L12*VLOOKUP($I12, Factor!$B$4:$G$8, 2, 0)*VLOOKUP($J12, Factor!$B$12:$G$13, 2, 0)*VLOOKUP($K12, Factor!$B$17:$G$18, 2, 0)*VLOOKUP($H12, Factor!$J$4:$O$7, 2, 0)*VLOOKUP($F12, Factor!$Q$4:$V$15, 2, 0)*IF(MOD($G12,10)=0, 10, MOD($G12, 10))*((INDEX(Factor!$X$4:$AC$13, _xlfn.XMATCH($G12, Factor!$X$4:$X$13, 1),2)*IF(MOD(G12, 10) = 0, 10, MOD(G12, 10)))+INDEX(Factor!$AE$4:$AJ$13, _xlfn.XMATCH(MonsterData!$G12, Factor!$AE$4:$AE$13, 1),2))} -> 7680 | V12: {=M12*VLOOKUP($I12, Factor!$B$4:$G$8, 3, 0)*VLOOKUP($J12, Factor!$B$12:$G$13, 3, 0)*VLOOKUP($K12, Factor!$B$17:$G$18, 3, 0)*VLOOKUP($H12, Factor!$J$4:$O$7, 3, 0)*VLOOKUP($F12, Factor!$Q$4:$V$15, 3, 0)*IF(MOD($G12,10)=0, 10, MOD($G12, 10))*((INDEX(Factor!$X$4:$AC$13, _xlfn.XMATCH($G12, Factor!$X$4:$X$13, 1),3)*IF(MOD(G12, 10) = 0, 10, MOD(G12, 10)))+INDEX(Factor!$AE$4:$AJ$13, _xlfn.XMATCH(MonsterData!$G12, Factor!$AE$4:$AE$13, 1),3))} -> 384 | W12: {=N12*VLOOKUP($I12, Factor!$B$4:$G$8, 4, 0)*VLOOKUP($J12, Factor!$B$12:$G$13, 4, 0)*VLOOKUP($K12, Factor!$B$17:$G$18, 4, 0)*VLOOKUP($H12, Factor!$J$4:$O$7, 4, 0)*VLOOKUP($F12, Factor!$Q$4:$V$15, 4, 0)*IF(MOD($G12,10)=0, 10, MOD($G12, 10))*((INDEX(Factor!$X$4:$AC$13, _xlfn.XMATCH($G12, Factor!$X$4:$X$13, 1),4)*IF(MOD(G12, 10) = 0, 10, MOD(G12, 10)))+INDEX(Factor!$AE$4:$AJ$13, _xlfn.XMATCH(MonsterData!$G12, Factor!$AE$4:$AE$13, 1),4))} -> 384 | X12: {=O12*VLOOKUP($I12, Factor!$B$4:$G$8, 5, 0)*VLOOKUP($J12, Factor!$B$12:$G$13, 5, 0)*VLOOKUP($K12, Factor!$B$17:$G$18, 5, 0)*VLOOKUP($H12, Factor!$J$4:$O$7, 5, 0)*VLOOKUP($F12, Factor!$Q$4:$V$15, 5, 0)*IF(MOD($G12,10)=0, 10, MOD($G12, 10))*((INDEX(Factor!$X$4:$AC$13, _xlfn.XMATCH($G12, Factor!$X$4:$X$13, 1),5)*IF(MOD(G12, 10) = 0, 10, MOD(G12, 10)))+INDEX(Factor!$AE$4:$AJ$13, _xlfn.XMATCH(MonsterData!$G12, Factor!$AE$4:$AE$13, 1),5))} -> 19.2 | Y12: {=P12*VLOOKUP($I12, Factor!$B$4:$G$8, 6, 0)*VLOOKUP($J12, Factor!$B$12:$G$13, 6, 0)*VLOOKUP($K12, Factor!$B$17:$G$18, 6, 0)*VLOOKUP($H12, Factor!$J$4:$O$7, 2, 0)*VLOOKUP($F12, Factor!$Q$4:$V$15, 6, 0)*IF(MOD($G12,10)=0, 10, MOD($G12, 10))*((INDEX(Factor!$X$4:$AC$13, _xlfn.XMATCH($G12, Factor!$X$4:$X$13, 1),6)*IF(MOD(G12, 10) = 0, 10, MOD(G12, 10)))+INDEX(Factor!$AE$4:$AJ$13, _xlfn.XMATCH(MonsterData!$G12, Factor!$AE$4:$AE$13, 1),6))} -> 15.36 | Z12: =$Q12*VLOOKUP($J12, Factor!$B$12:$H$13, 7, 0) -> 1 | AA12: 8 | AB12: =IF(J12 = "ml", 0, $Z12*$AA12) -> 0 | AC12: null | AD12: null
A13: =T13&"_"&F13&VLOOKUP($C13, Factor!$AM$4:$AY$14, 7, 0)&IF(COUNTIFS($C$3:C12, C13, $F$3:F12, F13)+1>=100, COUNTIFS($C$3:C12, C13, $F$3:F12, F13)+1,IF(COUNTIFS($C$3:C12, C13, $F$3:F12, F13)+1>=10, "0"&COUNTIFS($C$3:C12, C13, $F$3:F12, F13)+1, "00"&COUNTIFS($C$3:C12, C13, $F$3:F12, F13)+1)) -> ecre_F01_A_Rock_001 | C13: 바위 | D13: =B13&C13 -> 바위 | E13: =VLOOKUP($C13, Factor!$AM$4:$AY$12, 8, 0) -> M | F13: F01 | G13: 9 | H13: Hack_and_slash | I13: =VLOOKUP($C13, Factor!$AM$4:$AY$12, 11, 0) -> A | J13: =VLOOKUP($C13, Factor!$AM$4:$AY$12, 12, 0) -> ml | K13: =VLOOKUP($C13, Factor!$AM$4:$AY$12, 13, 0) -> L | L13: 1 | M13: 1 | N13: 1 | O13: 1 | P13: 1 | Q13: 1 | R13: =VLOOKUP($C13, Factor!$AM$4:$AY$12, 9, 0) -> Midium | S13: Monster_model_00009.fbx | T13: =VLOOKUP($C13, Factor!$AM$4:$AY$12, 10, 0) -> ecre | U13: {=L13*VLOOKUP($I13, Factor!$B$4:$G$8, 2, 0)*VLOOKUP($J13, Factor!$B$12:$G$13, 2, 0)*VLOOKUP($K13, Factor!$B$17:$G$18, 2, 0)*VLOOKUP($H13, Factor!$J$4:$O$7, 2, 0)*VLOOKUP($F13, Factor!$Q$4:$V$15, 2, 0)*IF(MOD($G13,10)=0, 10, MOD($G13, 10))*((INDEX(Factor!$X$4:$AC$13, _xlfn.XMATCH($G13, Factor!$X$4:$X$13, 1),2)*IF(MOD(G13, 10) = 0, 10, MOD(G13, 10)))+INDEX(Factor!$AE$4:$AJ$13, _xlfn.XMATCH(MonsterData!$G13, Factor!$AE$4:$AE$13, 1),2))} -> 972 | V13: {=M13*VLOOKUP($I13, Factor!$B$4:$G$8, 3, 0)*VLOOKUP($J13, Factor!$B$12:$G$13, 3, 0)*VLOOKUP($K13, Factor!$B$17:$G$18, 3, 0)*VLOOKUP($H13, Factor!$J$4:$O$7, 3, 0)*VLOOKUP($F13, Factor!$Q$4:$V$15, 3, 0)*IF(MOD($G13,10)=0, 10, MOD($G13, 10))*((INDEX(Factor!$X$4:$AC$13, _xlfn.XMATCH($G13, Factor!$X$4:$X$13, 1),3)*IF(MOD(G13, 10) = 0, 10, MOD(G13, 10)))+INDEX(Factor!$AE$4:$AJ$13, _xlfn.XMATCH(MonsterData!$G13, Factor!$AE$4:$AE$13, 1),3))} -> 48.6 | W13: {=N13*VLOOKUP($I13, Factor!$B$4:$G$8, 4, 0)*VLOOKUP($J13, Factor!$B$12:$G$13, 4, 0)*VLOOKUP($K13, Factor!$B$17:$G$18, 4, 0)*VLOOKUP($H13, Factor!$J$4:$O$7, 4, 0)*VLOOKUP($F13, Factor!$Q$4:$V$15, 4, 0)*IF(MOD($G13,10)=0, 10, MOD($G13, 10))*((INDEX(Factor!$X$4:$AC$13, _xlfn.XMATCH($G13, Factor!$X$4:$X$13, 1),4)*IF(MOD(G13, 10) = 0, 10, MOD(G13, 10)))+INDEX(Factor!$AE$4:$AJ$13, _xlfn.XMATCH(MonsterData!$G13, Factor!$AE$4:$AE$13, 1),4))} -> 29.16 | X13: {=O13*VLOOKUP($I13, Factor!$B$4:$G$8, 5, 0)*VLOOKUP($J13, Factor!$B$12:$G$13, 5, 0)*VLOOKUP($K13, Factor!$B$17:$G$18, 5, 0)*VLOOKUP($H13, Factor!$J$4:$O$7, 5, 0)*VLOOKUP($F13, Factor!$Q$4:$V$15, 5, 0)*IF(MOD($G13,10)=0, 10, MOD($G13, 10))*((INDEX(Factor!$X$4:$AC$13, _xlfn.XMATCH($G13, Factor!$X$4:$X$13, 1),5)*IF(MOD(G13, 10) = 0, 10, MOD(G13, 10)))+INDEX(Factor!$AE$4:$AJ$13, _xlfn.XMATCH(MonsterData!$G13, Factor!$AE$4:$AE$13, 1),5))} -> 8.1 | Y13: {=P13*VLOOKUP($I13, Factor!$B$4:$G$8, 6, 0)*VLOOKUP($J13, Factor!$B$12:$G$13, 6, 0)*VLOOKUP($K13, Factor!$B$17:$G$18, 6, 0)*VLOOKUP($H13, Factor!$J$4:$O$7, 2, 0)*VLOOKUP($F13, Factor!$Q$4:$V$15, 6, 0)*IF(MOD($G13,10)=0, 10, MOD($G13, 10))*((INDEX(Factor!$X$4:$AC$13, _xlfn.XMATCH($G13, Factor!$X$4:$X$13, 1),6)*IF(MOD(G13, 10) = 0, 10, MOD(G13, 10)))+INDEX(Factor!$AE$4:$AJ$13, _xlfn.XMATCH(MonsterData!$G13, Factor!$AE$4:$AE$13, 1),6))} -> 32.4 | Z13: =$Q13*VLOOKUP($J13, Factor!$B$12:$H$13, 7, 0) -> 1 | AA13: 9 | AB13: =IF(J13 = "ml", 0, $Z13*$AA13) -> 0 | AC13: null | AD13: null

Sheet BattleArea
A1: ● 전투구역에 대한 데이터를 담는 테이블이다. ● 전투구역 ID와 스폰할 레벨디자인 ID를 저장하고 맵에 계속 존재할지 특정 퀘스트가 있을 때만 존재할지 여부를 저장한다. ● 클리어시 제공할 보상에 대한 데이터를 저장합니다. 데이터에 오류가 있다면 데이터 없음으로 표시된다.
A2: 전투구역 ID | B2: 전투구역 레벨디자인 ID | C2: 전투구역 속성 | D2: 전투구역 골드보상 | E2: 전투구역 경험치보상 | F2: 전투구역 평균레벨
A3: string | B3: string | C3: string | D3: string | E3: string | F3: float
A4: battleAreaId | B4: battleLevelId | C4: battleAreaType | D4: battleAreaGoldReword | E4: battleAreaExpReword | F4: levelAverage
A5: battle_Area_F01_00001 | B5: level_Data_F01_00001 | C5: {"type":"always","id":""} | D5: =IFERROR(Factor!$B$22*F5, "데이터 없음") -> 0 | E5: =IFERROR(F5*Factor!$C$22, "데이터 없음") -> 0 | F5: =IFERROR(SUMIF(SpawnData!$A:$A,$B5,SpawnData!$G:$G)/COUNTIF(SpawnData!$A:$A,$B5), "데이터 없음") -> 0
A6: battle_Area_F01_00002 | B6: level_Data_F01_00002 | C6: {"type":"always","id":""} | D6: =IFERROR(Factor!$B$22*F6, "데이터 없음") -> 0 | E6: =IFERROR(F6*Factor!$C$22, "데이터 없음") -> 0 | F6: =IFERROR(SUMIF(SpawnData!$A:$A,$B6,SpawnData!$G:$G)/COUNTIF(SpawnData!$A:$A,$B6), "데이터 없음") -> 0
A7: battle_Area_F01_00003 | B7: level_Data_F01_00003 | C7: {"type":"always","id":""} | D7: =IFERROR(Factor!$B$22*F7, "데이터 없음") -> 0 | E7: =IFERROR(F7*Factor!$C$22, "데이터 없음") -> 0 | F7: =IFERROR(SUMIF(SpawnData!$A:$A,$B7,SpawnData!$G:$G)/COUNTIF(SpawnData!$A:$A,$B7), "데이터 없음") -> 0
A8: battle_Area_F01_00004 | B8: level_Data_F01_00004 | C8: {"type":"always","id":""} | D8: =IFERROR(Factor!$B$22*F8, "데이터 없음") -> 0 | E8: =IFERROR(F8*Factor!$C$22, "데이터 없음") -> 0 | F8: =IFERROR(SUMIF(SpawnData!$A:$A,$B8,SpawnData!$G:$G)/COUNTIF(SpawnData!$A:$A,$B8), "데이터 없음") -> 0
A9: battle_Area_F01_00005 | B9: level_Data_F01_00005 | C9: {"type":"always","id":""} | D9: =IFERROR(Factor!$B$22*F9, "데이터 없음") -> 0 | E9: =IFERROR(F9*Factor!$C$22, "데이터 없음") -> 0 | F9: =IFERROR(SUMIF(SpawnData!$A:$A,$B9,SpawnData!$G:$G)/COUNTIF(SpawnData!$A:$A,$B9), "데이터 없음") -> 0
A10: battle_Area_F01_00006 | B10: level_Data_F01_00006 | C10: {"type":"always","id":""} | D10: =IFERROR(Factor!$B$22*F10, "데이터 없음") -> 0 | E10: =IFERROR(F10*Factor!$C$22, "데이터 없음") -> 0 | F10: =IFERROR(SUMIF(SpawnData!$A:$A,$B10,SpawnData!$G:$G)/COUNTIF(SpawnData!$A:$A,$B10), "데이터 없음") -> 0
A11: battle_Area_F01_00007 | B11: level_Data_F01_00007 | C11: {"type":"always","id":""} | D11: =IFERROR(Factor!$B$22*F11, "데이터 없음") -> 0 | E11: =IFERROR(F11*Factor!$C$22, "데이터 없음") -> 0 | F11: =IFERROR(SUMIF(SpawnData!$A:$A,$B11,SpawnData!$G:$G)/COUNTIF(SpawnData!$A:$A,$B11), "데이터 없음") -> 0
A12: battle_Area_F01_00008 | B12: level_Data_F01_00008 | C12: {"type":"always","id":""} | D12: =IFERROR(Factor!$B$22*F12, "데이터 없음") -> 0 | E12: =IFERROR(F12*Factor!$C$22, "데이터 없음") -> 0 | F12: =IFERROR(SUMIF(SpawnData!$A:$A,$B12,SpawnData!$G:$G)/COUNTIF(SpawnData!$A:$A,$B12), "데이터 없음") -> 0
A13: battle_Area_F01_00009 | B13: level_Data_F01_00009 | C13: {"type":"always","id":""} | D13: =IFERROR(Factor!$B$22*F13, "데이터 없음") -> 0 | E13: =IFERROR(F13*Factor!$C$22, "데이터 없음") -> 0 | F13: =IFERROR(SUMIF(SpawnData!$A:$A,$B13,SpawnData!$G:$G)/COUNTIF(SpawnData!$A:$A,$B13), "데이터 없음") -> 0
A14: battle_Area_F01_00010 | B14: level_Data_F01_00010 | C14: {"type":"always","id":""} | D14: =IFERROR(Factor!$B$22*F14, "데이터 없음") -> 0 | E14: =IFERROR(F14*Factor!$C$22, "데이터 없음") -> 0 | F14: =IFERROR(SUMIF(SpawnData!$A:$A,$B14,SpawnData!$G:$G)/COUNTIF(SpawnData!$A:$A,$B14), "데이터 없음") -> 0
A15: battle_Area_F01_00011 | B15: level_Data_F01_00011 | C15: {"type":"always","id":""} | D15: =IFERROR(Factor!$B$22*F15, "데이터 없음") -> 0 | E15: =IFERROR(F15*Factor!$C$22, "데이터 없음") -> 0 | F15: =IFERROR(SUMIF(SpawnData!$A:$A,$B15,SpawnData!$G:$G)/COUNTIF(SpawnData!$A:$A,$B15), "데이터 없음") -> 0
A16: battle_Area_F01_00012 | B16: level_Data_F01_00012 | C16: {"type":"always","id":""} | D16: =IFERROR(Factor!$B$22*F16, "데이터 없음") -> 0 | E16: =IFERROR(F16*Factor!$C$22, "데이터 없음") -> 0 | F16: =IFERROR(SUMIF(SpawnData!$A:$A,$B16,SpawnData!$G:$G)/COUNTIF(SpawnData!$A:$A,$B16), "데이터 없음") -> 0
... A24: battle_Area_F01_00020 | B24: level_Data_F01_00020 | C24: {"type":"always","id":""} | D24: =IFERROR(Factor!$B$22*F24, "데이터 없음") -> 0 | E24: =IFERROR(F24*Factor!$C$22, "데이터 없음") -> 0 | F24: =IFERROR(SUMIF(SpawnData!$A:$A,$B24,SpawnData!$G:$G)/COUNTIF(SpawnData!$A:$A,$B24), "데이터 없음") -> 0

Sheet SpawnData
A1: ● 전투 구역에서 스폰할 몬스터들의 데이터를 저장하는 테이블이다. ● InnerId 순서대로 몬스터가 스폰된다. ● spawnStandard가 spawner일 경우 좌표를 0,0,0으로 입력하면 랜덤 위치 스폰된다. ● spawnStandard가 spawner일 경우 좌표를 0,0,0이 아니면 화면 중심기준 해당 위치에 스폰한다. ● spawnStandard가 world일 경우 월드의 해당 스폰위치 좌표에 스폰된다.
A2: 레벨디자인 ID | B2: 레벨디자인 내부 ID | C2: 스폰 기준 | D2: 스폰 위치 | E2: 스폰 몬스터 ID | F2: 스폰 대기시간
A3: string | B3: int | C3: string | D3: Vector3 | E3: string | F3: float | G3: 테이블 표기용
A4: levelId | B4: levelInnerId | C4: spawnStandard | D4: levelSpawnPos | E4: levelSpawnMonsterId | F4: levelSpawnCooltime | G4: 몬스터 레벨 표시
A5: level_Data_F01_00001 | B5: 0 | C5: spawner | D5: {"X":0.0,"Y":0.0,"Z":0.0} | E5: enpc_F01_A_Lava_001 | F5: 1 | G5: =VLOOKUP($E5, MonsterData!$A$5:$G$13, 5, 0) -> S
A6: level_Data_F01_00001 | B6: 1 | C6: spawner | D6: {"X":0.0,"Y":0.0,"Z":0.0} | E6: enpc_F01_A_Cocoon_001 | F6: 1 | G6: =VLOOKUP($E6, MonsterData!$A$5:$G$13, 5, 0) -> M
A7: level_Data_F01_00001 | B7: 2 | C7: spawner | D7: {"X":0.0,"Y":0.0,"Z":0.0} | E7: enpc_F01_A_Antlion_001 | F7: 1 | G7: =VLOOKUP($E7, MonsterData!$A$5:$G$13, 5, 0) -> M
A8: level_Data_F01_00001 | B8: 3 | C8: spawner | D8: {"X":0.0,"Y":0.0,"Z":0.0} | E8: enpc_F01_A_Nymphe_001 | F8: 1 | G8: =VLOOKUP($E8, MonsterData!$A$5:$G$13, 5, 0) -> S
A9: level_Data_F01_00001 | B9: 4 | C9: spawner | D9: {"X":0.0,"Y":0.0,"Z":0.0} | E9: enpc_F01_A_Cocoon_001 | F9: 1 | G9: =VLOOKUP($E9, MonsterData!$A$5:$G$13, 5, 0) -> M
A10: level_Data_F01_00001 | B10: 5 | C10: spawner | D10: {"X":0.0,"Y":0.0,"Z":0.0} | E10: enpc_F01_A_Lava_001 | F10: 1 | G10: =VLOOKUP($E10, MonsterData!$A$5:$G$13, 5, 0) -> S
A11: level_Data_F01_00001 | B11: 6 | C11: spawner | D11: {"X":0.0,"Y":0.0,"Z":0.0} | E11: enpc_F01_A_Cocoon_001 | F11: 1 | G11: =VLOOKUP($E11, MonsterData!$A$5:$G$13, 5, 0) -> M
A12: level_Data_F01_00001 | B12: 7 | C12: spawner | D12: {"X":0.0,"Y":0.0,"Z":0.0} | E12: enpc_F01_A_Antlion_001 | F12: 1 | G12: =VLOOKUP($E12, MonsterData!$A$5:$G$13, 5, 0) -> M
A13: level_Data_F01_00001 | B13: 8 | C13: spawner | D13: {"X":0.0,"Y":0.0,"Z":0.0} | E13: enpc_F01_A_Nymphe_001 | F13: 1 | G13: =VLOOKUP($E13, MonsterData!$A$5:$G$13, 5, 0) -> S
A14: level_Data_F01_00001 | B14: 9 | C14: spawner | D14: {"X":0.0,"Y":0.0,"Z":0.0} | E14: enpc_F01_A_Cocoon_001 | F14: 1 | G14: =VLOOKUP($E14, MonsterData!$A$5:$G$13, 5, 0) -> M
A15: level_Data_F01_00001 | B15: 10 | C15: spawner | D15: {"X":0.0,"Y":0.0,"Z":0.0} | E15: enpc_F01_B_Golem_001 | F15: 1 | G15: =VLOOKUP($E15, MonsterData!$A$5:$G$13, 5, 0) -> B
A16: level_Data_F01_00001 | B16: 11 | C16: spawner | D16: {"X":0.0,"Y":0.0,"Z":0.0} | E16: enpc_F01_A_Lava_001 | F16: 1 | G16: =VLOOKUP($E16, MonsterData!$A$5:$G$13, 5, 0) -> S
... A444: level_Data_F01_00020 | B444: 21 | C444: spawner | D444: {"X":0.0,"Y":0.0,"Z":0.0} | E444: enpc_F01_B_Golem_001 | F444: 1 | G444: =VLOOKUP($E444, MonsterData!$A$5:$G$13, 5, 0) -> B
